Datetime,Open,High,Low,Close,Adj Close,Volume,MA5,MA20
2021-10-19 00:00:00+01:00,62103.17578125,62260.41015625,61858.84375,62159.66796875,62159.66796875,326451200,,
2021-10-19 01:30:00+01:00,62145.62890625,62236.58203125,61750.62890625,61790.75,61790.75,253313024,,
2021-10-19 03:00:00+01:00,61823.7265625,62944.32421875,61714.9453125,62741.16015625,62741.16015625,2624761856,,
2021-10-19 04:30:00+01:00,62752.20703125,62852.40234375,62352.9375,62423.25,62423.25,342315008,,
2021-10-19 06:00:00+01:00,62416.8125,62490.80859375,62262.60546875,62335.109375,62335.109375,365809664,62289.9875,
2021-10-19 07:30:00+01:00,62359.60546875,62362.44140625,62025.17578125,62362.44140625,62362.44140625,454279168,62330.5421875,
2021-10-19 09:00:00+01:00,62336.84765625,62524.20703125,61825.26953125,62136.77734375,62136.77734375,204832768,62399.74765625,
2021-10-19 10:30:00+01:00,62139.64453125,62355.0078125,62060.640625,62240.296875,62240.296875,155316224,62299.575,
2021-10-19 12:00:00+01:00,62235.6796875,62303.05078125,62050.12109375,62173.21875,62173.21875,44892160,62249.56875,
2021-10-19 13:30:00+01:00,62159.80078125,63145.12890625,62094.90625,62745.5390625,62745.5390625,1704075264,62331.6546875,
2021-10-19 15:00:00+01:00,62663.421875,62764.8203125,61622.93359375,62593.66015625,62593.66015625,1243779072,62377.8984375,
2021-10-19 16:30:00+01:00,62588.359375,63068.9140625,62369.51953125,63068.9140625,63068.9140625,680570880,62564.32578125,
2021-10-19 18:00:00+01:00,63154.3984375,63487.87109375,63100.671875,63368.4140625,63368.4140625,1010651136,62789.94921875,
2021-10-19 19:30:00+01:00,63307.33203125,64198.92578125,63117.33203125,64198.92578125,64198.92578125,1461407744,63195.090625,
2021-10-19 21:00:00+01:00,64209.640625,64329.125,63709.546875,63816.65625,63816.65625,520675328,63409.3140625,
2021-10-19 22:30:00+01:00,63829.9609375,64218.734375,63829.9609375,64021.2890625,64021.2890625,65069056,63694.83984375,
2021-10-20 00:00:00+01:00,64104.09765625,64434.53515625,64042.875,64065.25390625,64065.25390625,532205568,63894.1078125,
2021-10-20 01:30:00+01:00,64041.2890625,64212.24609375,63803.47265625,63854.15625,63854.15625,99749888,63991.25625,
2021-10-20 03:00:00+01:00,63855.94140625,64054.73828125,63797.63671875,63953.01953125,63953.01953125,1552384,63942.075,
2021-10-20 04:30:00+01:00,63962.48046875,64075.23046875,63855.9140625,64063.46875,64063.46875,192245760,63991.4375,63005.5984375
2021-10-20 06:00:00+01:00,64070.55078125,64148.97265625,63610.67578125,63829.4609375,63829.4609375,499671040,63953.071875,63089.0880859375
2021-10-20 07:30:00+01:00,63772.953125,64033.703125,63739.13671875,64033.703125,64033.703125,83181568,63946.76171875,63201.2357421875
2021-10-20 09:00:00+01:00,64024.2734375,64270.4609375,63923.4921875,64001.40625,64001.40625,347029504,63976.21171875,63264.248046875
2021-10-20 10:30:00+01:00,63979.4921875,64054.96484375,63814.9296875,63838.8515625,63838.8515625,161116160,63953.378125,63335.028125
2021-10-20 12:00:00+01:00,63852.42578125,64174.90625,63742.99609375,64174.90625,64174.90625,340402176,63975.665625,63427.01796875
2021-10-20 13:30:00+01:00,64194.05078125,66015.375,64175.52734375,66015.375,66015.375,3575504896,64412.8484375,63609.6646484375
2021-10-20 15:00:00+01:00,66046.3984375,66930.390625,65834.0859375,66586.8046875,66586.8046875,2370396160,64923.46875,63832.166015625
2021-10-20 16:30:00+01:00,66579.9453125,66895.234375,66393.3046875,66461.6015625,66461.6015625,1149095936,65415.5078125,64043.23125
2021-10-20 18:00:00+01:00,66452.5,66645.03125,66135.1015625,66618.7734375,66618.7734375,619905024,65971.4921875,64265.508984375
2021-10-20 19:30:00+01:00,66615.4296875,66692.578125,66293.5234375,66451.625,66451.625,347226112,66426.8359375,64450.81328125
2021-10-20 21:00:00+01:00,66405.8203125,66405.8203125,65677.9921875,65997.609375,65997.609375,453869568,66423.2828125,64621.0107421875
2021-10-20 22:30:00+01:00,65979.4375,66080.984375,65624.1875,65940.6640625,65940.6640625,427081728,66294.0546875,64764.5982421875
2021-10-21 00:00:00+01:00,65901.5234375,66158.625,65704.7265625,65718.6328125,65718.6328125,582303744,66145.4609375,64882.1091796875
2021-10-21 01:30:00+01:00,65754.640625,65866.421875,64730.8359375,64953.1640625,64953.1640625,1364287488,65812.3390625,64919.82109375
2021-10-21 03:00:00+01:00,64977.59765625,65244.8046875,64295.48828125,64656.51953125,64656.51953125,2365349888,65453.31796875,64961.8142578125
2021-10-21 04:30:00+01:00,64590.6484375,65167.75390625,64559.83203125,65099.77734375,65099.77734375,1041719296,65273.7515625,65015.738671875
2021-10-21 06:00:00+01:00,65061.96875,65152.265625,64403.59375,64574.3125,64574.3125,957865984,65000.48125,65041.1916015625
2021-10-21 07:30:00+01:00,64545.41015625,65203.15234375,64264.37109375,65203.15234375,65203.15234375,1526288384,64897.38515625,65108.64140625
2021-10-21 09:00:00+01:00,65105.08203125,66473.7578125,65105.08203125,66351.671875,66351.671875,1620602880,65177.08671875,65228.5740234375
2021-10-21 10:30:00+01:00,66337.765625,66600.546875,65629.171875,65629.171875,65629.171875,1154408448,65371.6171875,65306.8591796875
2021-10-21 12:00:00+01:00,65626.6875,65967.8125,64414.421875,64780.10546875,64780.10546875,3530080256,65307.6828125,65354.39140625
2021-10-21 13:30:00+01:00,64842.76171875,65551.0,64785.20703125,65134.91796875,65134.91796875,734003200,65419.80390625,65409.4521484375
2021-10-21 15:00:00+01:00,64740.875,64880.42578125,63360.171875,63360.171875,63360.171875,551133184,65051.2078125,65377.3904296875
2021-10-21 16:30:00+01:00,62550.8515625,63612.16796875,62550.8515625,62846.5,62846.5,1784578048,64350.1734375,65327.7728515625
2021-10-21 18:00:00+01:00,62819.55859375,63324.34375,62519.5703125,63057.1484375,63057.1484375,606830592,63835.76875,65271.8849609375
2021-10-21 19:30:00+01:00,63099.3828125,63443.5546875,62642.46875,62712.60546875,62712.60546875,988602368,63422.26875,65106.746484375
2021-10-21 21:00:00+01:00,62804.85546875,63025.34765625,62489.0546875,62867.578125,62867.578125,838078464,62968.80078125,64920.78515625
2021-10-21 22:30:00+01:00,62862.7734375,63026.52734375,62281.1953125,62465.85546875,62465.85546875,339341312,62789.9375,64720.9978515625
2021-10-22 00:00:00+01:00,62480.38671875,62775.40625,62117.41015625,62507.17578125,62507.17578125,1314136064,62722.07265625,64515.41796875
2021-10-22 01:30:00+01:00,62598.62109375,63042.87890625,62598.62109375,62625.12890625,62625.12890625,812998656,62635.66875,64324.0931640625
2021-10-22 03:00:00+01:00,62588.40234375,63277.7421875,62574.57421875,63123.8359375,63123.8359375,524730368,62717.91484375,64180.4044921875
2021-10-22 04:30:00+01:00,63113.90234375,63322.19921875,62896.703125,63040.828125,63040.828125,449744896,62752.56484375,64035.4126953125
2021-10-22 06:00:00+01:00,63040.71484375,63178.21484375,62698.0546875,62698.0546875,62698.0546875,461643776,62799.0046875,63884.3837890625
2021-10-22 07:30:00+01:00,62709.3359375,63295.13671875,62532.0546875,63291.72265625,63291.72265625,821506048,62955.9140625,63801.31171875
2021-10-22 09:00:00+01:00,63362.8125,63715.0234375,63334.8046875,63464.09375,63464.09375,504684544,63123.70703125,63741.6904296875
2021-10-22 10:30:00+01:00,63418.23828125,63418.23828125,62968.578125,63215.125,63215.125,255635456,63141.96484375,63647.4578125
2021-10-22 12:00:00+01:00,63211.88671875,63459.3671875,63190.4375,63406.01171875,63406.01171875,214110208,63215.0015625,63589.0427734375
2021-10-22 13:30:00+01:00,63357.87890625,63707.91796875,62484.19140625,62488.625,62488.625,100114432,63173.115625,63453.31640625
2021-10-22 15:00:00+01:00,62430.16796875,62430.16796875,60858.58203125,60870.0,60870.0,1094369280,62688.77109375,63179.2328125
2021-10-22 16:30:00+01:00,60762.43359375,61387.94140625,60122.796875,61282.296875,61282.296875,1645662208,62252.41171875,62961.8890625
2021-10-22 18:00:00+01:00,61198.84765625,61264.0859375,60352.55859375,60658.28125,60658.28125,584540160,61741.04296875,62755.7978515625
2021-10-22 19:30:00+01:00,60637.17578125,60981.828125,60341.328125,60981.828125,60981.828125,740941824,61256.20625,62548.143359375
2021-10-22 21:00:00+01:00,61030.23046875,61183.84375,60734.921875,60785.890625,60785.890625,206643200,60915.659375,62419.429296875
2021-10-22 22:30:00+01:00,60788.4375,60817.94921875,60173.64453125,60671.9296875,60671.9296875,419536896,60876.0453125,62310.70078125
2021-10-23 00:00:00+01:00,60669.46484375,60980.6015625,60462.765625,60965.75,60965.75,498348032,60812.7359375,62206.130859375
2021-10-23 01:30:00+01:00,60938.4609375,61217.96875,60801.70703125,61056.3515625,61056.3515625,483422208,60892.35,62123.3181640625
2021-10-23 03:00:00+01:00,61070.6015625,61274.81640625,61023.0234375,61101.16015625,61101.16015625,167747584,60916.21640625,62034.997265625
2021-10-23 04:30:00+01:00,61126.50390625,61564.75,61049.08984375,61250.62109375,61250.62109375,396922880,61009.1625,61974.235546875
2021-10-23 06:00:00+01:00,61194.859375,61261.63671875,60822.9765625,60977.32421875,60977.32421875,260370432,61070.24140625,61897.74296875
2021-10-23 07:30:00+01:00,60966.62890625,61130.7421875,60764.765625,60939.54296875,60939.54296875,143630336,61065.0,61813.463671875
2021-10-23 09:00:00+01:00,60930.97265625,61162.7421875,60528.19140625,60570.078125,60570.078125,170983424,60967.7453125,61685.77578125
2021-10-23 10:30:00+01:00,60544.73046875,60816.15234375,60160.3984375,60221.44921875,60221.44921875,202487808,60791.803125,61544.8068359375
2021-10-23 12:00:00+01:00,60152.30078125,61672.69140625,59826.5234375,61643.6796875,61643.6796875,1823232000,60870.41484375,61492.0880859375
2021-10-23 13:30:00+01:00,61608.15625,61743.87890625,61280.58203125,61392.84375,61392.84375,243740672,60953.51875,61397.144140625
2021-10-23 15:00:00+01:00,61384.6328125,61512.15625,61097.59765625,61471.328125,61471.328125,0,61059.87578125,61297.505859375
2021-10-23 16:30:00+01:00,61499.08203125,61645.15625,60961.4296875,61099.2109375,61099.2109375,163774464,61165.70234375,61191.71015625
2021-10-23 18:00:00+01:00,61162.24609375,61406.7578125,61031.99609375,61352.63671875,61352.63671875,134283264,61391.93984375,61089.04140625
2021-10-23 19:30:00+01:00,61349.41796875,61382.66796875,60976.40234375,61073.46875,61073.46875,16564224,61277.89765625,61018.28359375
2021-10-23 21:00:00+01:00,61039.8046875,61148.87890625,60912.7109375,61021.4765625,61021.4765625,29556736,61203.62421875,61025.857421875
2021-10-23 22:30:00+01:00,61016.6328125,61441.06640625,61001.8984375,61056.40234375,61056.40234375,143159296,61120.6390625,61014.5626953125
2021-10-24 00:00:00+01:00,61053.3515625,61505.8046875,61008.18359375,61321.83984375,61321.83984375,114608128,61165.16484375,61047.740625
2021-10-24 01:30:00+01:00,61308.0859375,61338.52734375,60998.90625,61060.734375,61060.734375,20166656,61106.784375,61051.6859375
2021-10-24 03:00:00+01:00,61049.8125,61326.125,60901.98046875,61206.390625,61206.390625,225433600,61133.36875,61072.7109375
2021-10-24 04:30:00+01:00,61202.125,61294.14453125,60970.453125,61027.51953125,61027.51953125,116856832,61134.57734375,61090.4904296875
2021-10-24 06:00:00+01:00,61034.35546875,61154.71875,60909.9609375,61072.0,61072.0,64698368,61137.696875,61095.8029296875
2021-10-24 07:30:00+01:00,61037.19921875,61132.03125,60645.16796875,60717.375,60717.375,45819904,61016.80390625,61078.8541015625
2021-10-24 09:00:00+01:00,60716.0859375,61273.31640625,60509.17578125,61173.87890625,61173.87890625,522881024,61039.4328125,61082.4900390625
2021-10-24 10:30:00+01:00,61184.921875,61187.609375,60752.74609375,61005.93359375,61005.93359375,126519296,60999.34140625,61070.2556640625
2021-10-24 12:00:00+01:00,60992.0390625,61029.1484375,60036.3359375,60300.6796875,60300.6796875,1060560896,60853.9734375,61036.4234375
2021-10-24 13:30:00+01:00,60235.12109375,60778.3125,60209.26171875,60547.875,60547.875,959754240,60749.1484375,61016.8400390625
2021-10-24 15:00:00+01:00,60578.53515625,60622.734375,59772.3671875,59804.078125,59804.078125,581285888,60566.4890625,60978.5400390625
2021-10-24 16:30:00+01:00,59722.05859375,60398.23828125,59643.34375,60335.6875,60335.6875,1028071424,60398.85078125,60984.251953125
2021-10-24 18:00:00+01:00,60385.98046875,60513.60546875,59871.0,59962.53515625,59962.53515625,128573440,60190.17109375,60900.1947265625
2021-10-24 19:30:00+01:00,60013.09765625,60671.80859375,59835.1171875,60671.80859375,60671.80859375,577923072,60264.396875,60864.14296875
2021-10-24 21:00:00+01:00,60628.0390625,61377.56640625,60568.69921875,61059.859375,61059.859375,784588800,60366.79375,60843.56953125
2021-10-24 22:30:00+01:00,61047.37109375,61155.12109375,60832.98828125,60949.1953125,60949.1953125,275873792,60595.8171875,60836.06875
2021-10-25 00:00:00+01:00,60877.26953125,61093.57421875,60691.80078125,60911.328125,60911.328125,242761728,60710.9453125,60814.0033203125
2021-10-25 01:30:00+01:00,60955.1640625,62032.33203125,60955.1640625,61706.5703125,61706.5703125,1213222912,61059.75234375,60845.6583984375
2021-10-25 03:00:00+01:00,61745.27734375,62168.5,61664.38671875,61899.04296875,61899.04296875,490477568,61305.19921875,60889.53671875
2021-10-25 04:30:00+01:00,61910.33984375,62191.41015625,61868.609375,62051.78515625,62051.78515625,330369024,61503.584375,60939.305859375
2021-10-25 06:00:00+01:00,62093.85546875,62135.8984375,61799.21875,61899.33984375,61899.33984375,378415104,61693.61328125,60968.180859375
2021-10-25 07:30:00+01:00,61845.87109375,62858.21484375,61845.3984375,62706.82421875,62706.82421875,1285355520,62052.7125,61050.4853515625
2021-10-25 09:00:00+01:00,62671.4296875,62950.828125,62671.4296875,62726.171875,62726.171875,1572216832,62256.6328125,61126.4744140625
2021-10-25 10:30:00+01:00,62712.1796875,62811.7265625,62495.73046875,62747.91015625,62747.91015625,313526272,62426.40625,61212.4939453125
2021-10-25 12:00:00+01:00,62749.2109375,63200.8984375,62688.6171875,62948.8125,62948.8125,280492032,62605.81171875,61306.3345703125
2021-10-25 13:30:00+01:00,62969.05078125,63343.31640625,62658.62890625,63271.42578125,63271.42578125,601227264,62880.22890625,61434.037109375
2021-10-25 15:00:00+01:00,63266.38671875,63447.921875,63049.55078125,63334.2890625,63334.2890625,451665920,63005.721875,61542.0576171875
2021-10-25 16:30:00+01:00,63316.76953125,63729.32421875,63290.7890625,63621.8359375,63621.8359375,558796800,63184.8546875,61672.852734375
2021-10-25 18:00:00+01:00,63658.46484375,63690.81640625,62899.375,63000.29296875,63000.29296875,878495744,63235.33125,61807.8333984375
2021-10-25 19:30:00+01:00,63005.83984375,63140.88671875,62737.26953125,62737.26953125,62737.26953125,433471488,63193.02265625,61917.303125
2021-10-25 21:00:00+01:00,62723.78515625,63094.46484375,62588.62890625,62895.35546875,62895.35546875,723965952,63117.80859375,62071.8669921875
2021-10-25 22:30:00+01:00,62948.52734375,63104.00390625,62711.7265625,63041.73828125,63041.73828125,425451520,63059.2984375,62207.16953125
2021-10-26 00:00:00+01:00,63022.2578125,63228.59765625,62840.19921875,63159.76953125,63159.76953125,464529408,62966.88515625,62367.03125
2021-10-26 01:30:00+01:00,63229.02734375,63229.02734375,62720.6015625,62720.6015625,62720.6015625,243546112,62910.946875,62469.4708984375
2021-10-26 03:00:00+01:00,62719.34765625,62893.359375,62660.44140625,62671.21875,62671.21875,578131968,62897.73671875,62550.0388671875
2021-10-26 04:30:00+01:00,62655.72265625,62835.265625,62335.453125,62512.65625,62512.65625,860194816,62821.196875,62628.2119140625
2021-10-26 06:00:00+01:00,62462.61328125,62603.1015625,62241.16796875,62451.41015625,62451.41015625,311687168,62703.13125,62705.216015625
2021-10-26 07:30:00+01:00,62479.74609375,62570.90625,62248.5234375,62474.34765625,62474.34765625,500951040,62566.046875,62743.6048828125
2021-10-26 09:00:00+01:00,62455.14453125,63059.3046875,62455.14453125,62858.796875,62858.796875,699928576,62593.6859375,62791.592578125
2021-10-26 10:30:00+01:00,62825.69140625,63014.43359375,62621.203125,62981.23828125,62981.23828125,578912256,62655.68984375,62838.065234375
2021-10-26 12:00:00+01:00,63019.6015625,63075.60546875,62489.5390625,62533.69140625,62533.69140625,252860416,62659.896875,62869.7828125
2021-10-26 13:30:00+01:00,62513.90234375,62599.3828125,62197.359375,62290.0625,62290.0625,238768128,62627.62734375,62848.9447265625
2021-10-26 15:00:00+01:00,62257.27734375,62257.27734375,61891.12890625,62146.0234375,62146.0234375,479504384,62561.9625,62819.9373046875
2021-10-26 16:30:00+01:00,62119.828125,62706.6171875,62003.18359375,62029.09765625,62029.09765625,721971200,62396.02265625,62783.9966796875
2021-10-26 18:00:00+01:00,62090.66796875,62552.58203125,62041.28515625,62505.22265625,62505.22265625,178198528,62300.81953125,62761.8171875
2021-10-26 19:30:00+01:00,62481.00390625,62502.03125,61944.8515625,61944.8515625,61944.8515625,74483712,62183.0515625,62695.4884765625
2021-10-26 21:00:00+01:00,61982.86328125,62290.37890625,61870.96875,61916.0078125,61916.0078125,401885184,62108.240625,62624.5744140625
2021-10-26 22:30:00+01:00,61937.52734375,62012.47265625,59991.16015625,60246.06640625,60246.06640625,2703026176,61728.24921875,62455.7859375
2021-10-27 00:00:00+01:00,60278.0546875,60778.4609375,60206.046875,60740.40234375,60740.40234375,1158158336,61470.51015625,62342.79140625
2021-10-27 01:30:00+01:00,60756.1796875,60845.73046875,60546.18359375,60546.18359375,60546.18359375,120049664,61078.70234375,62233.237109375
2021-10-27 03:00:00+01:00,60546.2109375,60840.546875,60427.359375,60840.546875,60840.546875,680480768,60857.84140625,62130.4966796875
2021-10-27 04:30:00+01:00,60868.47265625,61435.18359375,60590.51171875,61191.75,61191.75,1460523008,60712.98984375,62037.997265625
2021-10-27 06:00:00+01:00,61187.76171875,61402.74609375,60698.5625,60904.33984375,60904.33984375,923541504,60844.64453125,61925.22578125
2021-10-27 07:30:00+01:00,60903.6015625,60957.00390625,59970.76953125,59970.76953125,59970.76953125,761946112,60690.71796875,61787.7341796875
2021-10-27 09:00:00+01:00,59961.5703125,59961.5703125,58208.1875,58766.58203125,58766.58203125,5213675520,60334.79765625,61592.50234375
2021-10-27 10:30:00+01:00,58723.4765625,59154.078125,58526.98046875,59013.421875,59013.421875,1479520256,59969.37265625,61417.540625
2021-10-27 12:00:00+01:00,58991.60546875,59199.97265625,58447.70703125,58900.4921875,58900.4921875,572059648,59511.12109375,61239.9947265625
2021-10-27 13:30:00+01:00,58938.0,59324.96484375,58765.76953125,59050.125,59050.125,537513984,59140.278125,61068.78359375
2021-10-27 15:00:00+01:00,59049.765625,59414.23828125,58794.5859375,59021.5,59021.5,801181696,58950.42421875,60876.91875
2021-10-27 16:30:00+01:00,58979.30078125,59153.58203125,58626.65625,58935.8515625,58935.8515625,609787904,58984.278125,60674.6494140625
2021-10-27 18:00:00+01:00,58945.41015625,59210.78515625,58845.0078125,58949.03515625,58949.03515625,121425920,58971.40078125,60495.4166015625
2021-10-27 19:30:00+01:00,58948.98828125,59209.03515625,58276.63671875,59122.97265625,59122.97265625,1377316864,59015.896875,60337.062109375
2021-10-27 21:00:00+01:00,59131.41015625,59484.66015625,58644.29296875,58870.296875,58870.296875,590049280,58979.93125,60173.27578125
2021-10-27 22:30:00+01:00,58866.9765625,59088.703125,58563.66796875,58725.23046875,58725.23046875,286101504,58920.67734375,60008.082421875
2021-10-28 00:00:00+01:00,58797.921875,58907.5390625,58470.73046875,58764.78125,58764.78125,424804352,58886.46328125,59821.0603515625
2021-10-28 01:30:00+01:00,58705.4921875,58972.23046875,58252.8359375,58952.0390625,58952.0390625,868126720,58887.0640625,59671.4197265625
2021-10-28 03:00:00+01:00,58946.0234375,59188.03125,58711.60546875,58800.30078125,58800.30078125,330719232,58822.5296875,59515.634375
2021-10-28 04:30:00+01:00,58794.609375,59244.02734375,58769.41796875,58794.18359375,58794.18359375,508067840,58807.30703125,59443.040234375
2021-10-28 06:00:00+01:00,58831.21875,59161.68359375,58814.01171875,58985.69140625,58985.69140625,655355904,58859.39921875,59355.3046875
2021-10-28 07:30:00+01:00,59134.10546875,59233.2578125,58905.01953125,59092.03125,59092.03125,439943168,58924.84921875,59282.5970703125
2021-10-28 09:00:00+01:00,59044.33203125,60787.2890625,59044.33203125,60497.359375,60497.359375,408043520,59233.91328125,59265.4376953125
2021-10-28 10:30:00+01:00,60521.7421875,61267.43359375,60470.78125,61055.45703125,61055.45703125,626163712,59684.94453125,59258.623046875
2021-10-28 12:00:00+01:00,61076.77734375,61130.73046875,60868.0859375,61115.4140625,61115.4140625,285605888,60149.190625,59269.1767578125
2021-10-28 13:30:00+01:00,61073.9453125,61755.02734375,60988.44921875,61515.3984375,61515.3984375,830013440,60655.13203125,59346.408203125
2021-10-28 15:00:00+01:00,61564.8046875,61673.17578125,61296.99609375,61409.73046875,61409.73046875,218673152,61118.671875,59478.565625
2021-10-28 16:30:00+01:00,61406.1875,61544.265625,61120.44140625,61236.09765625,61236.09765625,213405696,61266.41953125,59589.6994140625
2021-10-28 18:00:00+01:00,61223.65625,61272.70703125,60903.53125,61018.0703125,61018.0703125,550277120,61258.9421875,59695.5783203125
2021-10-28 19:30:00+01:00,61028.5234375,61300.890625,58206.91796875,61300.890625,61300.890625,4869316608,61296.0375,59808.1166015625
2021-10-28 21:00:00+01:00,61417.1015625,62128.6328125,60670.15234375,60670.15234375,60670.15234375,1505050624,61126.98828125,59890.54921875
2021-10-28 22:30:00+01:00,60542.60546875,60920.09375,60492.22265625,60595.98046875,60595.98046875,101457920,60964.23828125,59973.5556640625
2021-10-29 00:00:00+01:00,60568.43359375,60824.21484375,60329.96484375,60436.5390625,60436.5390625,612413440,60804.3265625,60047.930859375
2021-10-29 01:30:00+01:00,60463.68359375,61988.68359375,60463.68359375,61472.89453125,61472.89453125,1091346432,60895.29140625,60165.426953125
2021-10-29 03:00:00+01:00,61438.56640625,61747.69140625,61394.91015625,61747.69140625,61747.69140625,236777472,60984.6515625,60309.2966796875
2021-10-29 04:30:00+01:00,61802.49609375,61802.49609375,61416.69140625,61572.8671875,61572.8671875,63594496,61165.19453125,60451.678515625
2021-10-29 06:00:00+01:00,61536.74609375,61558.22265625,60750.078125,61143.015625,61143.015625,120201216,61274.6015625,60570.590234375
2021-10-29 07:30:00+01:00,61156.9765625,61447.390625,60464.43359375,60654.4296875,60654.4296875,202051584,61318.1796875,60655.709765625
2021-10-29 09:00:00+01:00,60653.1640625,61320.3125,60489.578125,61029.140625,61029.140625,257396736,61229.42890625,60767.1517578125
2021-10-29 10:30:00+01:00,61010.6328125,61073.0546875,60666.26953125,61047.875,61047.875,49664000,61089.465625,60879.836328125
2021-10-29 12:00:00+01:00,61060.37109375,61169.80078125,60671.4765625,61073.91015625,61073.91015625,471314432,60989.67421875,60984.247265625
2021-10-29 13:30:00+01:00,61309.7421875,61369.6953125,60846.26953125,61369.6953125,61369.6953125,703873024,61035.01015625,61098.13046875
2021-10-29 15:00:00+01:00,61309.88671875,62311.03125,61017.3359375,62268.8359375,62268.8359375,1338109952,61357.89140625,61186.704296875
2021-10-29 16:30:00+01:00,62371.78515625,62927.609375,62212.31640625,62667.0,62667.0,1428996096,61685.46328125,61267.2814453125
2021-10-29 18:00:00+01:00,62621.14453125,62662.890625,62202.80859375,62220.515625,62220.515625,363421696,61919.99140625,61322.5365234375
2021-10-29 19:30:00+01:00,62157.8671875,62426.90234375,62002.34765625,62359.26171875,62359.26171875,53428224,62177.06171875,61364.7296875
2021-10-29 21:00:00+01:00,62489.34375,62502.765625,62286.7578125,62295.7578125,62295.7578125,80519168,62362.27421875,61409.0310546875
2021-10-29 22:30:00+01:00,62191.37109375,62477.49609375,62190.33984375,62262.7265625,62262.7265625,443170816,62361.05234375,61460.3625
2021-10-30 00:00:00+01:00,62304.21484375,62390.04296875,62038.265625,62039.41796875,62039.41796875,182222848,62235.5359375,61511.4298828125
2021-10-30 01:30:00+01:00,62063.09375,62180.27734375,61882.54296875,62023.25390625,62023.25390625,114589696,62196.08359375,61547.548046875
2021-10-30 03:00:00+01:00,62020.97265625,62032.62109375,61683.49609375,61683.49609375,61683.49609375,152350720,62060.93046875,61598.215234375
2021-10-30 04:30:00+01:00,61666.0859375,61886.296875,61476.65625,61486.54296875,61486.54296875,297721856,61899.0875,61642.743359375
2021-10-30 06:00:00+01:00,61485.46484375,61659.21875,61447.95703125,61626.57421875,61626.57421875,143962112,61771.85703125,61702.2451171875
2021-10-30 07:30:00+01:00,61652.46875,61876.703125,61536.24609375,61629.16796875,61629.16796875,115118080,61689.80703125,61710.0587890625
2021-10-30 09:00:00+01:00,61621.76953125,61659.3359375,61127.25390625,61415.86328125,61415.86328125,91858944,61568.32890625,61693.4673828125
2021-10-30 10:30:00+01:00,61394.7578125,61861.00390625,61278.59375,61784.5546875,61784.5546875,448208896,61588.540625,61704.0517578125
2021-10-30 12:00:00+01:00,61790.26953125,61948.03125,61428.0,61579.5625,61579.5625,293570560,61607.14453125,61725.8791015625
2021-10-30 13:30:00+01:00,61560.109375,62184.70703125,61393.0703125,61608.62109375,61608.62109375,828805120,61603.55390625,61773.588671875
2021-10-30 15:00:00+01:00,61617.76171875,61708.9140625,60918.38671875,61353.0078125,61353.0078125,809232384,61548.321875,61789.78203125
2021-10-30 16:30:00+01:00,61352.7734375,61517.671875,61130.94921875,61218.921875,61218.921875,103585792,61508.93359375,61798.334375
2021-10-30 18:00:00+01:00,61277.5703125,61574.0703125,61165.28125,61521.734375,61521.734375,163289088,61456.36953125,61820.7255859375
2021-10-30 19:30:00+01:00,61516.25390625,61830.73828125,61444.75390625,61709.84765625,61709.84765625,0,61482.4265625,61837.733203125
2021-10-30 21:00:00+01:00,61772.8984375,61954.21875,61551.85546875,61599.828125,61599.828125,21303296,61480.66796875,61804.2828125
2021-10-30 22:30:00+01:00,61559.6796875,61681.7421875,61284.3984375,61681.2890625,61681.2890625,710789120,61546.32421875,61754.997265625
2021-10-31 00:00:00+01:00,61618.4765625,62348.6015625,61557.296875,62249.7890625,62249.7890625,732274688,61752.49765625,61756.4609375
2021-10-31 01:30:00+01:00,62289.04296875,62406.171875,62154.64453125,62166.08984375,62166.08984375,445167616,61881.36875,61746.80234375
2021-10-31 02:00:00+00:00,62163.609375,62286.10546875,61683.26953125,61829.484375,61829.484375,367450112,61905.29609375,61723.488671875
2021-10-31 03:30:00+00:00,61800.265625,61800.265625,61391.99609375,61391.99609375,61391.99609375,388419584,61863.7296875,61679.9521484375
2021-10-31 05:00:00+00:00,61393.046875,61454.75,61126.328125,61278.94140625,61278.94140625,801992704,61783.26015625,61641.9283203125
2021-10-31 06:30:00+00:00,61225.84375,61412.5,61109.0,61404.41015625,61404.41015625,172666880,61614.184375,61610.9861328125
2021-10-31 08:00:00+00:00,61397.73046875,61405.71875,60672.7890625,60800.6484375,60800.6484375,648239104,61341.09609375,61566.84375
2021-10-31 09:30:00+00:00,60825.515625,61088.3828125,60500.10546875,60882.37890625,60882.37890625,752537600,61151.675,61536.635546875
2021-10-31 11:00:00+00:00,60849.40625,60910.32421875,60312.5234375,60745.1171875,60745.1171875,435800064,61022.29921875,61492.5626953125
2021-10-31 12:30:00+00:00,60684.01171875,60684.01171875,60074.328125,60450.62109375,60450.62109375,349272064,60856.63515625,61433.6353515625
2021-10-31 14:00:00+00:00,60422.44921875,60767.40234375,60255.875,60737.8984375,60737.8984375,349612032,60723.3328125,61399.737109375
2021-10-31 15:30:00+00:00,60739.76953125,60760.40625,60295.21875,60760.40625,60760.40625,10891264,60715.284375,61348.5296875
2021-10-31 17:00:00+00:00,60737.47265625,60948.9921875,60493.953125,60588.796875,60588.796875,515813376,60656.56796875,61298.99140625
2021-10-31 18:30:00+00:00,60537.37890625,60872.66796875,60532.34375,60766.0,60766.0,458133504,60660.74453125,61256.8603515625
2021-10-31 20:00:00+00:00,60749.71484375,61197.55859375,60617.09375,61197.55859375,61197.55859375,497803264,60810.13203125,61249.087890625
2021-10-31 21:30:00+00:00,61242.95703125,61632.01953125,61242.95703125,61431.09765625,61431.09765625,452739072,60948.771875,61259.6966796875
2021-10-31 23:00:00+00:00,61413.03515625,61629.78125,61259.01171875,61316.125,61316.125,209930240,61059.915625,61249.4162109375
2021-11-01 00:00:00+00:00,61320.44921875,61741.77734375,61265.9921875,61660.7578125,61660.7578125,181284864,61274.3078125,61246.96171875
2021-11-01 01:30:00+00:00,61655.0078125,61682.9609375,60119.24609375,60639.65625,60639.65625,646299648,61249.0390625,61198.953125
2021-11-01 03:00:00+00:00,60570.10546875,60646.73046875,59695.18359375,60325.4375,60325.4375,755064832,61074.61484375,61131.160546875
2021-11-01 04:30:00+00:00,60300.55078125,60868.78125,60300.55078125,60629.7265625,60629.7265625,385812480,60914.340625,61050.157421875
2021-11-01 06:00:00+00:00,60641.84765625,62250.7734375,60330.2578125,62033.55859375,62033.55859375,1838422016,61057.82734375,61043.530859375
2021-11-01 07:30:00+00:00,62045.484375,62385.60546875,61700.0703125,61866.265625,61866.265625,887531520,61098.92890625,61045.369921875
2021-11-01 09:00:00+00:00,61908.0390625,62174.5546875,61904.80859375,62035.78515625,62035.78515625,841670656,61378.1546875,61077.559375
2021-11-01 10:30:00+00:00,62062.95703125,62419.00390625,61849.26953125,61849.26953125,61849.26953125,904253440,61682.92109375,61106.07578125
2021-11-01 12:00:00+00:00,61849.70703125,62145.71875,61787.64453125,61900.0703125,61900.0703125,567967744,61936.98984375,61130.8587890625
2021-11-01 13:30:00+00:00,61937.90625,62028.64453125,61375.328125,61429.21875,61429.21875,149946368,61816.121875,61162.2873046875
2021-11-01 15:00:00+00:00,61482.36328125,61631.078125,61398.4140625,61421.078125,61421.078125,409174016,61727.084375,61189.222265625
2021-11-01 16:30:00+00:00,61397.17578125,61448.984375,60781.9453125,60781.9453125,60781.9453125,340582400,61476.31640625,61191.063671875
2021-11-01 18:00:00+00:00,60797.328125,61194.27734375,60487.63671875,61128.36328125,61128.36328125,775774208,61332.13515625,61224.95078125
2021-11-01 19:30:00+00:00,61143.6796875,61452.2890625,60663.51953125,60674.6328125,60674.6328125,238182400,61087.04765625,61221.7875
2021-11-01 21:00:00+00:00,60748.01953125,60966.71875,60493.26953125,60902.3125,60902.3125,180305920,60981.66640625,61228.8828125
2021-11-02 00:00:00+00:00,60963.25390625,61465.3984375,60673.0546875,61374.6328125,61374.6328125,944132096,60972.37734375,61268.174609375
2021-11-02 01:30:00+00:00,61352.60546875,61409.60546875,60900.03515625,60966.87890625,60966.87890625,449630208,61009.3640625,61278.2185546875
2021-11-02 03:00:00+00:00,60959.140625,60959.140625,60889.53125,60949.4296875,60949.4296875,8560640,60973.57734375,61265.812109375
2021-11-02 03:06:02+00:00,60909.39453125,60909.39453125,60909.39453125,60909.39453125,60909.39453125,0,61020.5296875,61239.726953125
